"country_code","country_name","country_name_d","country_alpha3_code","country_numeric_code","capital","country_demonym","total_area","population","idd_code","currency_code","currency_name","currency_symbol","lang_code","lang_name","cctld"
"AD","Andorra","Andorra","AND","20","Andorra la Vella","Andorrans","468","85468","376","EUR","Euro","€","CA","Catalana","ad"
"AE","United Arab Emirates","United Arab Emirates","ARE","784","Abu Dhabi","Emirians","83600","9973449","971","AED","United Arab Emirates Dirham","د.إ","AR","Arabic","ae"
"AF","Afghanistan","Afghanistan","AFG","4","Kabul","Afghans","652230","39232003","93","AFN","Afghan Afghani","؋","FA","Persian","af"
"AG","Antigua and Barbuda","Antigua and Barbuda","ATG","28","Saint John's","Antiguans or Barbudans","442","101489","1268","XCD","East Caribbean Dollar","$","EN","English","ag"
"AI","Anguilla","Anguilla","AIA","660","The Valley","Anguillans","91","19079","1264","XCD","East Caribbean Dollar","$","EN","English","ai"
"AL","Albania","Albania","ALB","8","Tirana","Albanians","28748","3101621","355","ALL","Albanian Lek","L","SQ","Albanian","al"
"AM","Armenia","Armenia","ARM","51","Yerevan","Armenians","29743","2989091","374","AMD","Armenian Dram","֏","HY","Armenian","am"
"AO","Angola","Angola","AGO","24","Luanda","Angolans","1246700","35981281","244","AOA","Angolan Kwanza","Kz","PT","Portuguese","ao"
"AQ","Antarctica","Antarctica","ATA","10","-","Antarctic residents","14000000","0","672","","","","RU","Russian","aq"
"AR","Argentina","Argentina","ARG","32","Buenos Aires","Argentines","2780400","46621847","54","ARS","Argentine Peso","$","ES","Spanish","ar"
"AS","American Samoa","American Samoa","ASM","16","Pago Pago","American Samoans","199","44620","1684","USD","United States Dollar","$","EN","Samoan","as"
"AT","Austria","Austria","AUT","40","Vienna","Austrians","83871","8940860","43","EUR","Euro","€","DE","German","at"
"AU","Australia","Australia","AUS","36","Canberra","Australians","7741220","26461166","61","AUD","Australian Dollar","$","EN","English","au"
"AW","Aruba","Aruba","ABW","533","Oranjestad","Arubans","180","123702","297","AWG","Aruban Florin","Afl","NL","Dutch","aw"
"AX","Aland Islands","Åland Islands","ALA","248","Mariehamn","Aland Islanders","1552","30144","358","EUR","Euro","€","SV","Swedish","ax"
"AZ","Azerbaijan","Azerbaijan","AZE","31","Baku","Azerbaijanis","86600","10604731","994","AZN","Azerbaijani Manat","₼","AZ","Azerbaijani","az"
"BA","Bosnia and Herzegovina","Bosnia and Herzegovina","BIH","70","Sarajevo","Bosnians or Herzegovinians","51197","3807764","387","BAM","Bosnia And Herzegovina Convertible Mark","KM","HR","Croatian","ba"
"BB","Barbados","Barbados","BRB","52","Bridgetown","Barbadians","430","303431","1246","USD","United States Dollar","$","EN","English","bb"
"BD","Bangladesh","Bangladesh","BGD","50","Dhaka","Bangladeshis","143998","167184465","880","BDT","Bangladeshi Taka","৳","BN","Bangla","bd"
"BE","Belgium","Belgium","BEL","56","Brussels","Belgians","30528","11913633","32","EUR","Euro","€","NL","Dutch","be"
"BF","Burkina Faso","Burkina Faso","BFA","854","Ouagadougou","Burkinabe","274200","22489126","226","XOF","Cfa Franc Bceao","CFA","FR","French","bf"
"BG","Bulgaria","Bulgaria","BGR","100","Sofia","Bulgarians","110879","6827736","359","BGN","Bulgarian Lev","лв","GB","Bulgarian","bg"
"BH","Bahrain","Bahrain","BHR","48","Manama","Bahrainis","760","1553886","973","BHD","Bahraini Dinar","BD","AR","Arabic","bh"
"BI","Burundi","Burundi","BDI","108","Bujumbura","Burundians","27830","13162952","257","BIF","Burundian Franc","FBu","FR","French","bi"
"BJ","Benin","Benin","BEN","204","Porto-Novo","Beninese","112622","14219908","229","XOF","Cfa Franc Bceao","CFA","FR","French","bj"
"BL","Saint Barthelemy","Saint Barthélemy","BLM","652","Gustavia","Barthelemois","21","7093","590","EUR","Euro","€","FR","French","gp"
"BM","Bermuda","Bermuda","BMU","60","Hamilton","Bermudians","54","72576","1441","BMD","Bermudian Dollar","$","EN","English","bm"
"BN","Brunei Darussalam","Brunei Darussalam","BRN","96","Bandar Seri Begawan","Bruneians","5765","484991","673","SGD","Brunei Dollar","$","MS","Malay","bn"
"BO","Bolivia (Plurinational State of)","Bolivia (Plurinational State of)","BOL","68","Sucre","Bolivians","1098581","12186079","591","BOB","Boliviano","Bs","ES","Spanish","bo"
"BQ","Bonaire, Sint Eustatius and Saba","Bonaire, Sint Eustatius and Saba","BES","535","Kralendijk","Bonaire Dutch","328","26223","599","USD","United States Dollar","$","NL","Dutch","bq"
"BR","Brazil","Brazil","BRA","76","Brasilia","Brazilians","8514877","218689757","55","BRL","Brazilian Real","R$","PT","Portuguese","br"
"BS","Bahamas","Bahamas","BHS","44","Nassau","Bahamians","13880","406513","1242","BSD","Bahamian Dollar","$","EN","English","bs"
"BT","Bhutan","Bhutan","BTN","64","Thimphu","Bhutanese","38394","876181","975","BTN","Bhutanese Ngultrum","Nu.","EN","English","bt"
"BV","Bouvet Island","Bouvet Island","BVT","74","-","Bouvet Islanders","49","0","47","NOK","Norwegian Kroner","kr","EN","English","bv"
"BW","Botswana","Botswana","BWA","72","Gaborone","Motswana","581730","2417596","267","BWP","Botswana Pula","P","EN","English","bw"
"BY","Belarus","Belarus","BLR","112","Minsk","Belarusians","207600","9539576","375","BYR","Belarusian Ruble","Br","BE","Belarusian","by"
"BZ","Belize","Belize","BLZ","84","Belmopan","Belizeans","22966","409728","501","BZD","Belize Dollar","$","EN","English","bz"
"CA","Canada","Canada","CAN","124","Ottawa","Canadians","9984670","38516736","1","CAD","Canadian Dollar","$","FR","French","ca"
"CC","Cocos (Keeling) Islands","Cocos (Keeling) Islands","CCK","166","West Island","Cocos Islanders","14","555","61","AUD","Australian Dollar","$","EN","English","cc"
"CD","Congo (the Democratic Republic of the)","Congo (the Democratic Republic of the)","COD","180","Kinshasa","Congolese","2344858","111859928","243","CDF","Congolese Franc","FCFA","EN","English","cd"
"CF","Central African Republic","Central African Republic","CAF","140","Bangui","Central Africans","622984","5552228","236","XAF","Cfa Franc Beac","FCFA","FR","French","cf"
"CG","Congo","Congo","COG","178","Brazzaville","Congolese","342000","5953730","242","XAF","Cfa Franc Beac","FCFA","EN","Niger-congo","cg"
"CH","Switzerland","Switzerland","CHE","756","Bern","Swiss","41277","8793404","41","CHF","Swiss Franc","Fr.","DE","German","ch"
"CI","Cote d'Ivoire","Côte d'Ivoire","CIV","384","Yamoussoukro","Ivorians","322463","29344847","225","XOF","Cfa Franc Bceao","CFA","EN","English","ci"
"CK","Cook Islands","Cook Islands","COK","184","Avarua","Cook Islanders","236","7939","682","NZD","New Zealand Dollar","$","EN","English","ck"
"CL","Chile","Chile","CHL","152","Santiago","Chileans","756102","18549457","56","CLP","Chilean Peso","$","ES","Spanish","cl"
"CM","Cameroon","Cameroon","CMR","120","Yaounde","Cameroonians","475440","30135732","237","XAF","Cfa Franc Beac","FCFA","FR","French","cm"
"CN","China","China","CHN","156","Beijing","Chinese","9596961","1413142846","86","CNY","Chinese Yuan Renminbi","¥","ZH","Chinese","cn"
"CO","Colombia","Colombia","COL","170","Bogota","Colombians","1138910","49336454","57","COP","Colombian Peso","$","ES","Spanish","co"
"CR","Costa Rica","Costa Rica","CRI","188","San Jose","Costa Ricans","51100","5227260","506","CRC","Costa Rican Colon","₡","ES","Spanish","cr"
"CU","Cuba","Cuba","CUB","192","Havana","Cubans","110860","10985974","53","CUC","Cuban Convertible Peso","$","ES","Spanish","cu"
"CV","Cabo Verde","Cabo Verde","CPV","132","Praia","Cabo Verdeans","4033","603901","238","CVE","Cape Verde Escudo","$","PT","Portuguese","cv"
"CW","Curacao","Curaçao","CUW","531","Willemstad","Curacaoans","444","152849","5999","ANG","Nl Antillian Guilder","ƒ","NL","Dutch","cw"
"CX","Christmas Island","Christmas Island","CXR","162","Flying Fish Cove","Christmas Islanders","135","1955","61","AUD","Australian Dollar","$","EN","English","cx"
"CY","Cyprus","Cyprus","CYP","196","Nicosia","Cypriots","9251","1308120","357","EUR","Euro","€","EL","Greek","cy"
"CZ","Czechia","Czechia","CZE","203","Prague","Czechs","78867","10830412","420","CZK","Czech Koruna","Kč","CS","Czech","cz"
"DE","Germany","Germany","DEU","276","Berlin","Germans","357022","84220184","49","EUR","Euro","€","DE","German","de"
"DJ","Djibouti","Djibouti","DJI","262","Djibouti","Djiboutians","23200","976143","253","DJF","Djiboutian Franc","Fdj","FR","French","dj"
"DK","Denmark","Denmark","DNK","208","Copenhagen","Danes","43094","5946984","45","DKK","Danish Krone","kr.","DA","Danish","dk"
"DM","Dominica","Dominica","DMA","212","Roseau","Dominicans","751","74656","1767","XCD","East Caribbean Dollar","$","FR","French","dm"
"DO","Dominican Republic","Dominican Republic","DOM","214","Santo Domingo","Dominicans","48670","10735614","1829","DOP","Dominican Peso","$","ES","Spanish","do"
"DZ","Algeria","Algeria","DZA","12","Algiers","Algerians","2381741","46286076","213","DZD","Algerian Dinar","DA","AR","Arabic","dz"
"EC","Ecuador","Ecuador","ECU","218","Quito","Ecuadorians","283561","18134133","593","USD","United States Dollar","$","ES","Spanish","ec"
"EE","Estonia","Estonia","EST","233","Tallinn","Estonians","45228","1202762","372","EUR","Euro","€","ET","Estoniana","ee"
"EG","Egypt","Egypt","EGY","818","Cairo","Egyptians","1001450","109546720","20","EGP","Egyptian Pound","E£","AR","Arabic","eg"
"EH","Western Sahara","Western Sahara","ESH","732","Laayoune / El Aaiun","Sahrawis","266000","597339","21","MAD","Moroccan Dirham","DH","ES","Spanish","eh"
"ER","Eritrea","Eritrea","ERI","232","Asmara","Eritreans","117600","6274796","291","ERN","Eritrean Nakfa","Nkf","TI","Tigrinya","er"
"ES","Spain","Spain","ESP","724","Madrid","Spaniards","505370","47222613","34","EUR","Euro","€","ES","Spanish","es"
"ET","Ethiopia","Ethiopia","ETH","231","Addis Ababa","Ethiopians","1104300","115757473","251","ETB","Ethiopian Birr","Br","AM","Amharic","et"
"FI","Finland","Finland","FIN","246","Helsinki","Finns","338145","5614571","358","EUR","Euro","€","FI","Finnish","fi"
"FJ","Fiji","Fiji","FJI","242","Suva","Fijians","18274","947760","679","FJD","Fijian Dollar","$","HI","Hindi","fj"
"FK","Falkland Islands [Malvinas]","Falkland Islands [Malvinas]","FLK","238","Stanley","Falkland Islanders","12173","3480","500","FKP","Falkland Islands Pound","£","EN","English","fk"
"FM","Micronesia (Federated States of)","Micronesia (Federated States of)","FSM","583","Palikir","Micronesians","702","100319","691","USD","United States Dollar","$","EN","English","fm"
"FO","Faroe Islands","Faroe Islands","FRO","234","Torshavn","Faroese","1393","52600","298","DKK","Danish Krone","kr","FO","Faroese","fo"
"FR","France","France","FRA","250","Paris","French","643801","68235759","33","EUR","Euro","€","FR","French","fr"
"GA","Gabon","Gabon","GAB","266","Libreville","Gabonese","267667","2397368","241","XAF","Cfa Franc Beac","FCFA","FR","French","ga"
"GB","United Kingdom of Great Britain and Northern Ireland","United Kingdom of Great Britain and Northern Ireland","GBR","826","London","British","243610","68138484","44","GBP","British Pound","£","EN","English","gb"
"GD","Grenada","Grenada","GRD","308","Saint George's","Grenadians","344","114299","1473","XCD","East Caribbean Dollar","$","EN","English","gd"
"GE","Georgia","Georgia","GEO","268","Tbilisi","Georgians","69700","4927228","995","GEL","Georgian Lari","₾","KA","Georgian","ge"
"GF","French Guiana","French Guiana","GUF","254","Cayenne","French Guianese","86504","298682","594","EUR","Euro","€","FR","French","gf"
"GG","Guernsey","Guernsey","GGY","831","Saint Peter Port","Channel Islanders","78","67642","44","GBP","Pound Sterling","£","FR","French","gg"
"GH","Ghana","Ghana","GHA","288","Accra","Ghanaians","238533","33846114","233","GHS","Ghanaian New Cedi","GH₵","EE","Ewe","gh"
"GI","Gibraltar","Gibraltar","GIB","292","Gibraltar","Gibraltarians","6","29629","350","GIP","Gibraltar Pound","£","ES","Spanish","gi"
"GL","Greenland","Greenland","GRL","304","Nuuk","Greenlanders","2166086","57777","299","DKK","Danish Krone","kr.","DA","Danish","gl"
"GM","Gambia","Gambia","GMB","270","Banjul","Gambians","11295","2468569","220","GMD","Gambian Dalasi","D","EN","English","gm"
"GN","Guinea","Guinea","GIN","324","Conakry","Guineans","245857","13607249","224","GNF","Guinean Franc","FG","FR","French","gn"
"GP","Guadeloupe","Guadeloupe","GLP","312","Basse-terre","Guadeloupians","1630","400124","590","EUR","Euro","€","FR","French","gp"
"GQ","Equatorial Guinea","Equatorial Guinea","GNQ","226","Malabo","Equatorial Guineans","28051","1737695","240","XAF","Cfa Franc Beac","FCFA","ES","Spanish","gq"
"GR","Greece","Greece","GRC","300","Athens","Greeks","131957","10497595","30","EUR","Euro","€","EL","Greek","gr"
"GS","South Georgia and the South Sandwich Islands","South Georgia and the South Sandwich Islands","SGS","239","Grytviken","South Georgian or South Sandwich Islander","3903","0","-","GBP","Pound Sterling","£","EN","English","gs"
"GT","Guatemala","Guatemala","GTM","320","Guatemala City","Guatemalans","108889","17980803","502","GTQ","Guatemalan Quetzal","Q","ES","Spanish","gt"
"GU","Guam","Guam","GUM","316","Hagatna","Guamanians","544","169330","1671","USD","United States Dollar","$","EN","English","gu"
"GW","Guinea-Bissau","Guinea-Bissau","GNB","624","Bissau","Bissau-Guineans","36125","2078820","245","XOF","Cfa Franc Bceao","CFA","PT","Portuguese","gw"
"GY","Guyana","Guyana","GUY","328","Georgetown","Guyanese","214969","791739","592","GYD","Guyanese Dollar","$","EN","English","gy"
"HK","Hong Kong","Hong Kong","HKG","344","-","Hong Kongese","1104","7288167","852","HKD","Hong Kong Dollar","$","ZH","Chinese","hk"
"HM","Heard Island and McDonald Islands","Heard Island and McDonald Islands","HMD","334","-","Heard Islanders or McDonald Islanders","412","0","61","AUD","Australian Dollar","$","EN","English","hm"
"HN","Honduras","Honduras","HND","340","Tegucigalpa","Hondurans","112090","9407652","504","HNL","Honduran Lempira","L","ES","Spanish","hn"
"HR","Croatia","Croatia","HRV","191","Zagreb","Croatians","56594","4169239","385","EUR","Euro","€","HR","Croatian","hr"
"HT","Haiti","Haiti","HTI","332","Port-au-prince","Haitians","27750","11610604","509","HTG","Haitian Gourde","G","FR","French","ht"
"HU","Hungary","Hungary","HUN","348","Budapest","Hungarians","93028","9885834","36","HUF","Hungarian Forint","Ft","HU","Hungarian","hu"
"ID","Indonesia","Indonesia","IDN","360","Jakarta","Indonesians","1904569","279476346","62","IDR","Indonesian Rupiah","Rp","ID","Indonesian","id"
"IE","Ireland","Ireland","IRL","372","Dublin","Irish","70273","5180761","353","EUR","Euro","€","GA","Irish","ie"
"IL","Israel","Israel","ISR","376","Jerusalem","Israelis","20770","9256230","972","ILS","Israeli New Shekel","₪","HE","Hebrew","il"
"IM","Isle of Man","Isle of Man","IMN","833","Douglas","Manx","572","91840","44","GBP","British Pound","£","EN","English","im"
"IN","India","India","IND","356","New Delhi","Indians","3287263","1399179585","91","INR","Indian Rupee","₹","HI","Hindi, English","in"
"IO","British Indian Ocean Territory","British Indian Ocean Territory","IOT","86","Diego Garcia","British","54400","3000","246","GBP","British Pound","£","EN","English","io"
"IQ","Iraq","Iraq","IRQ","368","Baghdad","Iraqis","438317","41266109","964","IQD","Iraqi Dinar","د.ع","AR","Arabic","iq"
"IR","Iran (Islamic Republic of)","Iran (Islamic Republic of)","IRN","364","Tehran","Iranians","1648195","87590873","98","IRR","Iranian Rial","﷼","FA","Persian","ir"
"IS","Iceland","Iceland","ISL","352","Reykjavik","Icelanders","103000","360872","354","ISK","Iceland Krona","kr","IS","Icelandic","is"
"IT","Italy","Italy","ITA","380","Roma","Italians","301340","61021855","39","EUR","Euro","€","IT","Italian","it"
"JE","Jersey","Jersey","JEY","832","Saint Helier","Channel Islanders","116","102785","44","GBP","British Pound","£","FR","French","je"
"JM","Jamaica","Jamaica","JAM","388","Kingston","Jamaicans","10991","2820982","1876","JMD","Jamaican Dollar","$","EN","English (jamaican English)","jm"
"JO","Jordan","Jordan","JOR","400","Amman","Jordanians","89342","11086716","962","JOD","Jordanian Dinar","د.أ","AR","Arabic","jo"
"JP","Japan","Japan","JPN","392","Tokyo","Japanese","377915","123719238","81","JPY","Japanese Yen","¥","JA","Japanese","jp"
"KE","Kenya","Kenya","KEN","404","Nairobi","Kenyans","580367","57052004","254","KES","Kenyan Shilling","KSh","EN","English","ke"
"KG","Kyrgyzstan","Kyrgyzstan","KGZ","417","Bishkek","Kyrgyzstanis","199951","6122781","996","KGS","Kyrgyzstani Som","Лв","RU","Russian","kg"
"KH","Cambodia","Cambodia","KHM","116","Phnom Penh","Cambodians","181035","16891245","855","KHR","Cambodian Riel","៛","KM","Khmer","kh"
"KI","Kiribati","Kiribati","KIR","296","Tarawa","I-Kiribati","811","115372","686","AUD","Australian Dollar","$","EN","English","ki"
"KM","Comoros","Comoros","COM","174","Moroni","Comorans","2235","888378","269","KMF","Comoro Franc","CF","AR","Arabic","km"
"KN","Saint Kitts and Nevis","Saint Kitts and Nevis","KNA","659","Basseterre","Kittitians or Nevisians","261","54817","1869","XCD","East Caribbean Dollar","$","EN","English","kn"
"KP","Korea (the Democratic People's Republic of)","Korea (the Democratic People's Republic of)","PRK","408","Pyongyang","Koreans","120538","26194769","850","KPW","North Korean Won","₩","KO","Korean","kp"
"KR","Korea (the Republic of)","Korea (the Republic of)","KOR","410","Seoul","Koreans","99720","51966948","82","KRW","South-korean Won","₩","KO","Korean","kr"
"KW","Kuwait","Kuwait","KWT","414","Kuwait","Kuwaitis","17818","3103580","965","KWD","Kuwaiti Dinar","KD","AR","Arabic","kw"
"KY","Cayman Islands","Cayman Islands","CYM","136","George Town","Caymanians","264","65483","1345","KYD","Cayman Islands Dollar","$","EN","English","ky"
"KZ","Kazakhstan","Kazakhstan","KAZ","398","Astana","Kazakhstanis","2724900","20082154","7","KZT","Kazakhstani Tenge","₸","RU","Russian","kz"
"LA","Lao People's Democratic Republic","Lao People's Democratic Republic","LAO","418","Vientiane","Laos","236800","7852377","856","LAK","Lao Kip","₭","LO","Lao","la"
"LB","Lebanon","Lebanon","LBN","422","Beirut","Lebanese","10400","5331203","961","LBP","Lebanese Pound","LL","AR","Arabica","lb"
"LC","Saint Lucia","Saint Lucia","LCA","662","Castries","Saint Lucians","616","167591","1758","XCD","East Caribbean Dollar","$","EN","English","lc"
"LI","Liechtenstein","Liechtenstein","LIE","438","Vaduz","Liechtensteiners","160","39993","423","CHF","Swiss Franc","Fr.","DE","German","li"
"LK","Sri Lanka","Sri Lanka","LKA","144","Sri Jayewardenepura Kotte","Sri Lankans","65610","21877904","94","LKR","Sri Lanka Rupee","රු","TA","Tamil","lk"
"LR","Liberia","Liberia","LBR","430","Monrovia","Liberians","111369","5311296","231","LRD","Liberian Dollar","$","EN","English","lr"
"LS","Lesotho","Lesotho","LSO","426","Maseru","Basotho","30355","2210646","266","LSL","Lesotho Loti","M","EN","English","ls"
"LT","Lithuania","Lithuania","LTU","440","Vilnius","Lithuanians","65300","2655755","370","LTL","Lithuanian Litas","Lt","LT","Lithuanian","lt"
"LU","Luxembourg","Luxembourg","LUX","442","Luxembourg","Luxembourgers","2586","660924","352","EUR","Euro","€","FR","French","lu"
"LV","Latvia","Latvia","LVA","428","Riga","Latvians","64589","1821750","371","EUR","Euro","€","LV","Latvian","lv"
"LY","Libya","Libya","LBY","434","Tripoli","Libyans","1759540","7252573","218","LYD","Libyan Dinar","LD","AR","Arabic","ly"
"MA","Morocco","Morocco","MAR","504","Rabat","Moroccans","446550","37067420","212","MAD","Moroccan Dirham","DH","AR","Arabic","ma"
"MC","Monaco","Monaco","MCO","492","Monaco","Monacans","2","31597","377","EUR","Euro","€","FR","French","mc"
"MD","Moldova (the Republic of)","Moldova (the Republic of)","MDA","498","Chisinau","Moldovans","33851","3620399","373","MDL","Moldovan Leu","L","RO","Romanian","md"
"ME","Montenegro","Montenegro","MNE","499","Podgorica","Montenegrins","13812","602445","382","EUR","Euro","€","SR","Serbian","me"
"MF","Saint Martin (French part)","Saint Martin (French part)","MAF","663","Marigot","Saint-Martinois","54","32897","590","EUR","Euro","€","FR","French","gp"
"MG","Madagascar","Madagascar","MDG","450","Antananarivo","Malagasy","587041","28812195","261","MGA","Malagasy Ariary","Ar","FR","French","mg"
"MH","Marshall Islands","Marshall Islands","MHL","584","Majuro","Marshallese","181","80966","692","USD","United States Dollar","$","EN","English","mh"
"MK","North Macedonia","North Macedonia","MKD","807","Skopje","Macedonians","25713","2133410","389","MKD","Macedonian Denar","den","MK","Macedonian","mk"
"ML","Mali","Mali","MLI","466","Bamako","Malians","1240192","21359722","223","XOF","Cfa Franc Bceao","CFA","FR","French","ml"
"MM","Myanmar","Myanmar","MMR","104","Pyinmana","Burmese","676578","57113554","95","MMK","Myanmar Kyat","K","MY","Burmese","mm"
"MN","Mongolia","Mongolia","MNG","496","Ulaanbaatar","Mongolians","1564116","3255468","976","MNT","Mongolian Tugrik","₮","MN","Mongolian","mn"
"MO","Macao","Macao","MAC","446","-","Macanese","31.3","639971","853","HKD","Hong Kong Dollar","$","ZH","Chinese","mo"
"MP","Northern Mariana Islands","Northern Mariana Islands","MNP","580","Saipan","Northern Marianans","464","51295","1670","USD","United States Dollar","$","EN","English","mp"
"MQ","Martinique","Martinique","MTQ","474","Fort-de-france","Martiniquais","1128","375265","596","EUR","Euro","€","FR","French","mq"
"MR","Mauritania","Mauritania","MRT","478","Nouakchott","Mauritanians","1030700","4244878","222","MRO","Mauritanian Ouguiya","UM","AR","Arabic","mr"
"MS","Montserrat","Montserrat","MSR","500","Plymouth","Montserratians","102","5440","1664","XCD","East Caribbean Dollar","$","EN","English","ms"
"MT","Malta","Malta","MLT","470","Valletta","Maltese","316","467138","356","EUR","Euro","€","MT","Maltese","mt"
"MU","Mauritius","Mauritius","MUS","480","Port Louis","Mauritians","2040","1309448","230","MUR","Mauritian Rupee","₨","FR","French","mu"
"MV","Maldives","Maldives","MDV","462","Male","Maldivians","298","389568","960","MVR","Maldivian Rufiyaa","Rf","DV","Maldivian","mv"
"MW","Malawi","Malawi","MWI","454","Lilongwe","Malawians","118484","21279597","265","MWK","Malawian Kwacha","K","EN","English","mw"
"MX","Mexico","Mexico","MEX","484","Mexico City","Mexicans","1964375","129875529","52","MXN","Mexican Peso","$","ES","Spanish","mx"
"MY","Malaysia","Malaysia","MYS","458","Kuala Lumpur","Malaysians","329847","34219975","60","MYR","Malaysian Ringgit","RM","MS","Malay","my"
"MZ","Mozambique","Mozambique","MOZ","508","Maputo","Mozambicans","799380","32513805","258","MZN","Mozambican Metical","MT","PT","Portuguese","mz"
"NA","Namibia","Namibia","NAM","516","Windhoek","Namibians","824292","2756722","264","NAD","Namibian Dollar","$","EN","English","na"
"NC","New Caledonia","New Caledonia","NCL","540","Noumea","New Caledonians","18575","300682","687","XPF","Cfp Franc","₣","FR","French","nc"
"NE","Niger","Niger","NER","562","Niamey","Nigeriens","1186408","25396840","227","NZD","New Zealand Dollar","$","FR","French","ne"
"NF","Norfolk Island","Norfolk Island","NFK","574","Kingston","Norfolk Islanders","36","1735","672","AUD","Australian Dollar","$","EN","English","nf"
"NG","Nigeria","Nigeria","NGA","566","Abuja","Nigerians","923768","230842743","234","NGN","Nigerian Naira","₦","EN","English","ng"
"NI","Nicaragua","Nicaragua","NIC","558","Managua","Nicaraguans","130370","6613274","505","NIO","Nicaraguan CÓrdoba","C$","ES","Spanish","ni"
"NL","Netherlands (Kingdom of the)","Netherlands (Kingdom of the)","NLD","528","Amsterdam","Netherlanders","41543","17694798","31","EUR","Euro","€","NL","Dutch","nl"
"NO","Norway","Norway","NOR","578","Oslo","Norwegians","323802","5477028","47","NOK","Norwegian Kroner","kr","NO","Norwegian","no"
"NP","Nepal","Nepal","NPL","524","Kathmandu","Nepalese","147181","30899443","977","NPR","Nepalese Rupee","रू","NE","Nepali","np"
"NR","Nauru","Nauru","NRU","520","Yaren","Nauruans","21","9852","674","AUD","Australian Dollar","$","EN","English","nr"
"NU","Niue","Niue","NIU","570","Alofi","Niueans","260","1626","683","NZD","New Zealand Dollar","$","EN","English","nu"
"NZ","New Zealand","New Zealand","NZL","554","Wellington","New Zealanders","267710","5109702","64","NZD","New Zealand Dollar","$","EN","English","nz"
"OM","Oman","Oman","OMN","512","Muscat","Omanis","309500","3833465","968","OMR","Omani Rial","ر.ع.","AR","Arabic","om"
"PA","Panama","Panama","PAN","591","Panama","Panamanians","75420","4404108","507","PAB","Panamanian Balboa","B/.","ES","Spanish","pa"
"PE","Peru","Peru","PER","604","Lima","Peruvians","1285216","32440172","51","PEN","Peruvian Nuevo Sol","S/","ES","Spanish","pe"
"PF","French Polynesia","French Polynesia","PYF","258","Papeete","French Polynesians","4167","301488","689","XPF","Cfp Franc","₣","FR","French","pf"
"PG","Papua New Guinea","Papua New Guinea","PNG","598","Port Moresby","Papua New Guineans","462840","9819350","675","PGK","Papua New Guinean Kina","K","EN","English","pg"
"PH","Philippines","Philippines","PHL","608","Manila","Filipinos","300000","116434200","63","PHP","Philippine Peso","₱","EN","English","ph"
"PK","Pakistan","Pakistan","PAK","586","Islamabad","Pakistanis","796095","247653551","92","PKR","Pakistan Rupee","₨","UR","Urdu","pk"
"PL","Poland","Poland","POL","616","Warsaw","Poles","312685","39142267","48","PLN","Polish Zloty","zł","PL","Polish","pl"
"PM","Saint Pierre and Miquelon","Saint Pierre and Miquelon","SPM","666","Saint-pierre","Saint-Pierrais or Miquelonnais","242","5195","508","EUR","Euro","€","FR","French","pm"
"PN","Pitcairn","Pitcairn","PCN","612","Adamstown","Pitcairn Islanders","47","50","872","NZD","New Zealand Dollar","$","EN","English","pn"
"PR","Puerto Rico","Puerto Rico","PRI","630","San Juan","Puerto Ricans","13790","3057311","1939","USD","United States Dollar","$","ES","Spanish","pr"
"PS","Palestine, State of","Palestine, State of","PSE","275","-","Palestinians","5860","5101414","972","ILS","Israeli New Shekel","₪","EN","English","ps"
"PT","Portugal","Portugal","PRT","620","Lisbon","Portuguese","92090","10223150","351","EUR","Euro","€","PT","Portuguese","pt"
"PW","Palau","Palau","PLW","585","Melekeok - Palau State Capital","Palauans","459","21779","680","USD","United States Dollar","$","EN","English","pw"
"PY","Paraguay","Paraguay","PRY","600","Asuncion","Paraguayans","406752","7439863","595","PYG","Paraguayan GuaranÍ","₲","ES","Spanish","py"
"QA","Qatar","Qatar","QAT","634","Doha","Qataris","11586","2532104","974","QAR","Qatari Riyal","QR","AR","Arabic","qa"
"RE","Reunion","Réunion","REU","638","Saint-denis","Réunionese","2512","895312","262","EUR","Euro","€","FR","French","re"
"RO","Romania","Romania","ROU","642","Bucharest","Romanians","238391","18326327","40","RON","Romanian New Lei","RON","RO","Romanian","ro"
"RS","Serbia","Serbia","SRB","688","Belgrade","Serbians","77474","6693375","381","RSD","Serbian Dinar","din","SR","Serbian","rs"
"RU","Russian Federation","Russian Federation","RUS","643","Moscow","Russians","17098242","141505279","7","RUB","Russian Rouble","₽","RU","Russian","ru"
"RW","Rwanda","Rwanda","RWA","646","Kigali","Rwandans","26338","13400541","250","RWF","Rwandan Franc","FRw","FR","French","rw"
"SA","Saudi Arabia","Saudi Arabia","SAU","682","Riyadh","Saudis","2149690","35939806","966","SAR","Saudi Riyal","SR","AR","Arabic","sa"
"SB","Solomon Islands","Solomon Islands","SLB","90","Honiara","Solomon Islanders","28896","714766","677","SBD","Solomon Islands Dollar","$","EN","English","sb"
"SC","Seychelles","Seychelles","SYC","690","Victoria","Seychellois","455","97617","248","SCR","Seychelles Rupee","SR","FR","French","sc"
"SD","Sudan","Sudan","SDN","729","Khartoum","Sudanese","1861484","49197555","249","SDG","Sudanese Pound","SD","AR","Arabic","sd"
"SE","Sweden","Sweden","SWE","752","Stockholm","Swedes","450295","10536338","46","SEK","Swedish Krona","kr","SV","Swedish","se"
"SG","Singapore","Singapore","SGP","702","Singapore","Singaporeans","697","5975383","65","SGD","Singapore Dollar","$","EN","English","sg"
"SH","Saint Helena, Ascension and Tristan da Cunha","Saint Helena, Ascension and Tristan da Cunha","SHN","654","Jamestown","Saint Helenians","122","7935","290","SHP","Saint Helena Pound","£","EN","English","sh"
"SI","Slovenia","Slovenia","SVN","705","Ljubljana","Slovenes","20273","2099790","386","EUR","Euro","€","SL","Slovene","si"
"SJ","Svalbard and Jan Mayen","Svalbard and Jan Mayen","SJM","744","Longyearbyen","Slovakians","62045","2926","47","NOK","Norwegian Krone","kr","NO","Norwegian","sj"
"SK","Slovakia","Slovakia","SVK","703","Bratislava","Sierra Leoneans","49035","5569395","421","EUR","Euro","€","SK","Slovak","sk"
"SL","Sierra Leone","Sierra Leone","SLE","694","Freetown","Sammarinese","71740","8908040","232","SLL","Sierra Leonean Leone","Le","EN","English","sl"
"SM","San Marino","San Marino","SMR","674","San Marino","Sammarinese","61","34892","378","EUR","Euro","€","IT","Italian","sm"
"SN","Senegal","Senegal","SEN","686","Dakar","Somalis","196722","18384660","221","XOF","Cfa Franc Bceao","CFA","FR","French","sn"
"SO","Somalia","Somalia","SOM","706","Mogadishu","Somalilanders","637657","12693796","252","SOS","Somali Shilling","Sh.So.","AR","Arabic","so"
"SR","Suriname","Suriname","SUR","740","Paramaribo","Surinamers","163820","639759","597","SRD","Surinamese Dollar","$","NL","Dutch","sr"
"SS","South Sudan","South Sudan","SSD","728","Juba","South Sudanese","644329","12118379","211","SSP","South Sudanese Pound","SD","EN","English","ss"
"ST","Sao Tome and Principe","Sao Tome and Principe","STP","678","Sao Tome","Sao Tomeans","964","220372","239","STD","Droba","Db","PT","Portuguese","st"
"SV","El Salvador","El Salvador","SLV","222","San Salvador","Salvadorans","21041","6602370","503","NOK","Norwegian Kroner","kr","ES","Spanish","sv"
"SX","Sint Maarten (Dutch part)","Sint Maarten (Dutch part)","SXM","534","Philipsburg","Sint Maartener","34","45677","1721","ANG","Nl Antillian Guilder","ƒ","NL","Dutch","sx"
"SY","Syrian Arab Republic","Syrian Arab Republic","SYR","760","Damascus","Syrians","185180","22933531","963","SYP","Syrian Pound","LS","AR","Arabic","sy"
"SZ","Eswatini","Eswatini","SWZ","748","Mbabane","Swazis","17364","1130043","268","SZL","Swazi Lilangeni","L","EN","English","sz"
"TC","Turks and Caicos Islands","Turks and Caicos Islands","TCA","796","Cockburn Town","Turks and Caicos Islanders","948","59367","1649","USD","United States Dollar","$","EN","English","tc"
"TD","Chad","Chad","TCD","148","N'djamena","Chadians","1284000","18523165","235","XAF","Cfa Franc Beac","FCFA","AR","Arabic","td"
"TF","French Southern Territories","French Southern Territories","ATF","260","Port-aux-francais","French","439781","140","262","EUR","Euro","€","FR","French","tf"
"TG","Togo","Togo","TGO","768","Lome","Togolese","56785","8703961","228","XOF","Cfa Franc Bceao","CFA","FR","French","tg"
"TH","Thailand","Thailand","THA","764","Bangkok","Thai","513120","69794997","66","THB","Thai Baht","฿","TH","Thai","th"
"TJ","Tajikistan","Tajikistan","TJK","762","Dushanbe","Tajikistanis","143100","10195445","992","TJS","Tajikistani Somoni","ЅM","FA","Persian","tj"
"TK","Tokelau","Tokelau","TKL","772","-","Tokelauans","12","1357","690","NZD","New Zealand Dollar","$","EN","English","tk"
"TL","Timor-Leste","Timor-Leste","TLS","626","Dili","Timorese","14874","1476042","670","NZD","New Zealand Dollar","$","PT","Portuguese","tl"
"TM","Turkmenistan","Turkmenistan","TKM","795","Ashgabat","Turkmens","488100","5690818","993","TMT","Turkmenistani Manat","T","RU","Russian","tm"
"TN","Tunisia","Tunisia","TUN","788","Tunis","Tunisians","163610","11976182","216","TND","Tunisian Dinar","DT","AR","Literary Arabic","tn"
"TO","Tonga","Tonga","TON","776","Nuku'alofa","Tongans","747","105221","676","TOP","Tongan Pa'anga","T$","EN","English","to"
"TR","Turkiye","Türkiye","TUR","792","Ankara","Turks","783562","83593483","90","TRY","Turkish Lira","₺","TR","Turkish","tr"
"TT","Trinidad and Tobago","Trinidad and Tobago","TTO","780","Port of Spain","Trinidadians or Tobagonians","5128","1407460","1868","TTD","Trinidad/tobago Dollar","$","EN","English","tt"
"TV","Tuvalu","Tuvalu","TUV","798","Funafuti","Tuvaluans","26","11639","688","AUD","Australian Dollar","$","EN","Tuvaluan English","tv"
"TW","Taiwan (Province of China)","Taiwan (Province of China)","TWN","158","Taipei","Taiwanese","35980","23588613","886","TWD","Taiwan Dollar","NT$","ZH","Chinese Tw","tw"
"TZ","Tanzania, the United Republic of","Tanzania, the United Republic of","TZA","834","Dodoma","Tanzanians","947300","65642682","255","TZS","Tanzanian Shilling","TSh","EN","English","tz"
"UA","Ukraine","Ukraine","UKR","804","Kiev","Ukrainians","603550","34831102","380","UAH","Ukrainian Hryvnia","₴","UK","Ukrainian","ua"
"UG","Uganda","Uganda","UGA","800","Kampala","Ugandans","241038","47729952","256","UGX","Ugandan Shilling","USh","EN","English","ug"
"UM","United States Minor Outlying Islands","United States Minor Outlying Islands","UMI","581","-","‎American Islander","34.2","300","-","USD","United States Dollar","$","EN","English","um"
"US","United States of America","United States of America","USA","840","Washington, D.C.","Americans","9826675","339665118","1","USD","United States Dollar","$","EN","English","us"
"UY","Uruguay","Uruguay","URY","858","Montevideo","Uruguayans","176215","3416264","598","UYI","Uruguay Peso En Unidades Indexadas","$","ES","Spanish","uy"
"UZ","Uzbekistan","Uzbekistan","UZB","860","Tashkent","Uzbekistanis","447400","35971103","998","UZS","Uzbekistan Som","som","UZ","Uzbek","uz"
"VA","Holy See","Holy See","VAT","336","Vatican City","Vatican citizens","0.44","764","39","EUR","Euro","€","EN","Latin","va"
"VC","Saint Vincent and the Grenadines","Saint Vincent and the Grenadines","VCT","670","Kingstown","Saint Vincentians","389","100804","1784","XCD","East Caribbean Dollar","$","EN","English","vc"
"VE","Venezuela (Bolivarian Republic of)","Venezuela (Bolivarian Republic of)","VEN","862","Caracas","Venezuelans","912050","30518260","58","VEF","Venezuelan Bolivar Fuerte","Bs.S.","ES","Spanish","ve"
"VG","Virgin Islands (British)","Virgin Islands (British)","VGB","92","Road Town","British Virgin Islanders","151","39369","1284","USD","United States Dollar","$","EN","English","vg"
"VI","Virgin Islands (U.S.)","Virgin Islands (U.S.)","VIR","850","Charlotte Amalie","U.S. Virgin Islanders","1910","104917","1340","USD","United States Dollar","$","EN","English","vi"
"VN","Viet Nam","Viet Nam","VNM","704","Ha Noi","Vietnamese","331210","104799174","84","VND","Vietnamese Dong","₫","VI","Vietnamese","vn"
"VU","Vanuatu","Vanuatu","VUT","548","Port-vila","Ni-Vanuatu","12189","313046","678","VUV","Vanuatu Vatu","VT","FR","French","vu"
"WF","Wallis and Futuna","Wallis and Futuna","WLF","876","Mata'utu","Wallisians or Futunans","142","15929","681","XPF","Cfp Franc","₣","FR","French","wf"
"WS","Samoa","Samoa","WSM","882","Apia","Samoans","2831","207501","685","WST","Samoan Tala","WS$","EN","English","ws"
"YE","Yemen","Yemen","YEM","887","Sanaa","Yemenis","527968","31565602","967","YER","Yemeni Rial","﷼","AR","Arabic","ye"
"YT","Mayotte","Mayotte","MYT","175","Mamoudzou","Mahorans","374","320901","262","EUR","Euro","€","FR","French","yt"
"ZA","South Africa","South Africa","ZAF","710","Cape Town","South Africans","1219090","59795503","27","ZAR","South African Rand","R","AF","Afrikaans","za"
"ZM","Zambia","Zambia","ZMB","894","Lusaka","Zambians","752618","20216029","260","ZMW","Zambian Kwacha","K","EN","English","zm"
"ZW","Zimbabwe","Zimbabwe","ZWE","716","Harare","Zimbabweans","390757","16819805","263","ZWD","Zimbabwe Dollar","$","EN","English","zw"
